filename,file_size,file_attributes,region_count,region_id,region_shape_attributes,region_attributes
1.jpg,13298,"{""caption"":"""",""public_domain"":""no"",""image_url"":""""}",10,0,"{""name"":""rect"",""x"":86,""y"":29,""width"":28,""height"":22}","{""class"":""hardhat""}"
1.jpg,13298,"{""caption"":"""",""public_domain"":""no"",""image_url"":""""}",10,1,"{""name"":""rect"",""x"":115,""y"":3,""width"":37,""height"":24}","{""class"":""hardhat""}"
1.jpg,13298,"{""caption"":"""",""public_domain"":""no"",""image_url"":""""}",10,2,"{""name"":""rect"",""x"":196,""y"":6,""width"":45,""height"":30}","{""class"":""hardhat""}"
1.jpg,13298,"{""caption"":"""",""public_domain"":""no"",""image_url"":""""}",10,3,"{""name"":""rect"",""x"":84,""y"":57,""width"":34,""height"":32}","{""class"":""vest""}"
1.jpg,13298,"{""caption"":"""",""public_domain"":""no"",""image_url"":""""}",10,4,"{""name"":""rect"",""x"":131,""y"":42,""width"":32,""height"":59}","{""class"":""vest""}"
1.jpg,13298,"{""caption"":"""",""public_domain"":""no"",""image_url"":""""}",10,5,"{""name"":""rect"",""x"":180,""y"":58,""width"":64,""height"":99}","{""class"":""vest""}"
1.jpg,13298,"{""caption"":"""",""public_domain"":""no"",""image_url"":""""}",10,6,"{""name"":""rect"",""x"":208,""y"":45,""width"":28,""height"":17}","{""class"":""mask""}"
1.jpg,13298,"{""caption"":"""",""public_domain"":""no"",""image_url"":""""}",10,7,"{""name"":""rect"",""x"":95,""y"":54,""width"":11,""height"":5}","{""class"":""mask""}"
1.jpg,13298,"{""caption"":"""",""public_domain"":""no"",""image_url"":""""}",10,8,"{""name"":""rect"",""x"":72,""y"":146,""width"":18,""height"":15}","{""class"":""boot""}"
1.jpg,13298,"{""caption"":"""",""public_domain"":""no"",""image_url"":""""}",10,9,"{""name"":""rect"",""x"":101,""y"":154,""width"":17,""height"":14}","{""class"":""boot""}"
2.jpg,7829,"{""caption"":"""",""public_domain"":""no"",""image_url"":""""}",2,0,"{""name"":""rect"",""x"":180,""y"":1,""width"":60,""height"":30}","{""class"":""hardhat""}"
2.jpg,7829,"{""caption"":"""",""public_domain"":""no"",""image_url"":""""}",2,1,"{""name"":""rect"",""x"":181,""y"":75,""width"":73,""height"":85}","{""class"":""vest""}"
3.jpg,9063,"{""caption"":"""",""public_domain"":""no"",""image_url"":""""}",7,0,"{""name"":""rect"",""x"":24,""y"":40,""width"":23,""height"":17}","{""class"":""hardhat""}"
3.jpg,9063,"{""caption"":"""",""public_domain"":""no"",""image_url"":""""}",7,1,"{""name"":""rect"",""x"":126,""y"":47,""width"":20,""height"":13}","{""class"":""hardhat""}"
3.jpg,9063,"{""caption"":"""",""public_domain"":""no"",""image_url"":""""}",7,2,"{""name"":""rect"",""x"":21,""y"":58,""width"":26,""height"":34}","{""class"":""vest""}"
3.jpg,9063,"{""caption"":"""",""public_domain"":""no"",""image_url"":""""}",7,3,"{""name"":""rect"",""x"":123,""y"":66,""width"":24,""height"":27}","{""class"":""vest""}"
3.jpg,9063,"{""caption"":"""",""public_domain"":""no"",""image_url"":""""}",7,4,"{""name"":""rect"",""x"":168,""y"":90,""width"":26,""height"":29}","{""class"":""vest""}"
3.jpg,9063,"{""caption"":"""",""public_domain"":""no"",""image_url"":""""}",7,5,"{""name"":""rect"",""x"":138,""y"":129,""width"":19,""height"":19}","{""class"":""boot""}"
3.jpg,9063,"{""caption"":"""",""public_domain"":""no"",""image_url"":""""}",7,6,"{""name"":""rect"",""x"":117,""y"":128,""width"":15,""height"":23}","{""class"":""boot""}"
4.jpg,9689,"{""caption"":"""",""public_domain"":""no"",""image_url"":""""}",3,0,"{""name"":""rect"",""x"":71,""y"":30,""width"":89,""height"":52}","{""class"":""hardhat""}"
4.jpg,9689,"{""caption"":"""",""public_domain"":""no"",""image_url"":""""}",3,1,"{""name"":""rect"",""x"":52,""y"":138,""width"":54,""height"":44}","{""class"":""vest""}"
4.jpg,9689,"{""caption"":"""",""public_domain"":""no"",""image_url"":""""}",3,2,"{""name"":""rect"",""x"":138,""y"":134,""width"":31,""height"":48}","{""class"":""vest""}"
5.jpg,11284,"{""caption"":"""",""public_domain"":""no"",""image_url"":""""}",8,0,"{""name"":""rect"",""x"":145,""y"":20,""width"":42,""height"":32}","{""class"":""hardhat""}"
5.jpg,11284,"{""caption"":"""",""public_domain"":""no"",""image_url"":""""}",8,1,"{""name"":""rect"",""x"":127,""y"":67,""width"":78,""height"":87}","{""class"":""vest""}"
5.jpg,11284,"{""caption"":"""",""public_domain"":""no"",""image_url"":""""}",8,2,"{""name"":""rect"",""x"":72,""y"":139,""width"":44,""height"":38}","{""class"":""vest""}"
5.jpg,11284,"{""caption"":"""",""public_domain"":""no"",""image_url"":""""}",8,3,"{""name"":""rect"",""x"":112,""y"":129,""width"":23,""height"":18}","{""class"":""hardhat""}"
5.jpg,11284,"{""caption"":"""",""public_domain"":""no"",""image_url"":""""}",8,4,"{""name"":""rect"",""x"":81,""y"":103,""width"":9,""height"":10}","{""class"":""hardhat""}"
5.jpg,11284,"{""caption"":"""",""public_domain"":""no"",""image_url"":""""}",8,5,"{""name"":""rect"",""x"":12,""y"":70,""width"":15,""height"":12}","{""class"":""hardhat""}"
5.jpg,11284,"{""caption"":"""",""public_domain"":""no"",""image_url"":""""}",8,6,"{""name"":""rect"",""x"":62,""y"":163,""width"":16,""height"":17}","{""class"":""boot""}"
5.jpg,11284,"{""caption"":"""",""public_domain"":""no"",""image_url"":""""}",8,7,"{""name"":""rect"",""x"":102,""y"":124,""width"":18,""height"":8}","{""class"":""boot""}"
6.jpg,9059,"{""caption"":"""",""public_domain"":""no"",""image_url"":""""}",5,0,"{""name"":""rect"",""x"":23,""y"":34,""width"":71,""height"":35}","{""class"":""hardhat""}"
6.jpg,9059,"{""caption"":"""",""public_domain"":""no"",""image_url"":""""}",5,1,"{""name"":""rect"",""x"":100,""y"":33,""width"":49,""height"":36}","{""class"":""hardhat""}"
6.jpg,9059,"{""caption"":"""",""public_domain"":""no"",""image_url"":""""}",5,2,"{""name"":""rect"",""x"":174,""y"":57,""width"":39,""height"":28}","{""class"":""hardhat""}"
6.jpg,9059,"{""caption"":"""",""public_domain"":""no"",""image_url"":""""}",5,3,"{""name"":""rect"",""x"":66,""y"":110,""width"":56,""height"":62}","{""class"":""vest""}"
6.jpg,9059,"{""caption"":"""",""public_domain"":""no"",""image_url"":""""}",5,4,"{""name"":""rect"",""x"":173,""y"":106,""width"":43,""height"":49}","{""class"":""vest""}"
7.jpg,9975,"{""caption"":"""",""public_domain"":""no"",""image_url"":""""}",3,0,"{""name"":""rect"",""x"":141,""y"":7,""width"":52,""height"":58}","{""class"":""hardhat""}"
7.jpg,9975,"{""caption"":"""",""public_domain"":""no"",""image_url"":""""}",3,1,"{""name"":""rect"",""x"":100,""y"":153,""width"":34,""height"":27}","{""class"":""boot""}"
7.jpg,9975,"{""caption"":"""",""public_domain"":""no"",""image_url"":""""}",3,2,"{""name"":""rect"",""x"":234,""y"":155,""width"":31,""height"":27}","{""class"":""boot""}"
8.jpg,10892,"{""caption"":"""",""public_domain"":""no"",""image_url"":""""}",2,0,"{""name"":""rect"",""x"":141,""y"":40,""width"":46,""height"":30}","{""class"":""hardhat""}"
8.jpg,10892,"{""caption"":"""",""public_domain"":""no"",""image_url"":""""}",2,1,"{""name"":""rect"",""x"":118,""y"":106,""width"":88,""height"":108}","{""class"":""vest""}"
9.jpg,9436,"{""caption"":"""",""public_domain"":""no"",""image_url"":""""}",4,0,"{""name"":""rect"",""x"":45,""y"":32,""width"":17,""height"":20}","{""class"":""mask""}"
9.jpg,9436,"{""caption"":"""",""public_domain"":""no"",""image_url"":""""}",4,1,"{""name"":""rect"",""x"":1,""y"":176,""width"":60,""height"":15}","{""class"":""boot""}"
9.jpg,9436,"{""caption"":"""",""public_domain"":""no"",""image_url"":""""}",4,2,"{""name"":""rect"",""x"":203,""y"":170,""width"":53,""height"":22}","{""class"":""boot""}"
9.jpg,9436,"{""caption"":"""",""public_domain"":""no"",""image_url"":""""}",4,3,"{""name"":""rect"",""x"":7,""y"":38,""width"":39,""height"":71}","{""class"":""vest""}"
10.jpg,9288,"{""caption"":"""",""public_domain"":""no"",""image_url"":""""}",2,0,"{""name"":""rect"",""x"":32,""y"":53,""width"":47,""height"":28}","{""class"":""hardhat""}"
10.jpg,9288,"{""caption"":"""",""public_domain"":""no"",""image_url"":""""}",2,1,"{""name"":""rect"",""x"":28,""y"":98,""width"":66,""height"":86}","{""class"":""vest""}"
11.jpg,12061,"{""caption"":"""",""public_domain"":""no"",""image_url"":""""}",5,0,"{""name"":""rect"",""x"":180,""y"":18,""width"":37,""height"":21}","{""class"":""hardhat""}"
11.jpg,12061,"{""caption"":"""",""public_domain"":""no"",""image_url"":""""}",5,1,"{""name"":""rect"",""x"":182,""y"":49,""width"":67,""height"":87}","{""class"":""vest""}"
11.jpg,12061,"{""caption"":"""",""public_domain"":""no"",""image_url"":""""}",5,2,"{""name"":""rect"",""x"":99,""y"":58,""width"":15,""height"":10}","{""class"":""hardhat""}"
11.jpg,12061,"{""caption"":"""",""public_domain"":""no"",""image_url"":""""}",5,3,"{""name"":""rect"",""x"":99,""y"":71,""width"":18,""height"":25}","{""class"":""vest""}"
11.jpg,12061,"{""caption"":"""",""public_domain"":""no"",""image_url"":""""}",5,4,"{""name"":""rect"",""x"":142,""y"":57,""width"":16,""height"":18}","{""class"":""vest""}"
12.jpg,10981,"{""caption"":"""",""public_domain"":""no"",""image_url"":""""}",8,0,"{""name"":""rect"",""x"":68,""y"":41,""width"":44,""height"":32}","{""class"":""hardhat""}"
12.jpg,10981,"{""caption"":"""",""public_domain"":""no"",""image_url"":""""}",8,1,"{""name"":""rect"",""x"":139,""y"":39,""width"":40,""height"":38}","{""class"":""hardhat""}"
12.jpg,10981,"{""caption"":"""",""public_domain"":""no"",""image_url"":""""}",8,2,"{""name"":""rect"",""x"":28,""y"":88,""width"":55,""height"":26}","{""class"":""vest""}"
12.jpg,10981,"{""caption"":"""",""public_domain"":""no"",""image_url"":""""}",8,3,"{""name"":""rect"",""x"":176,""y"":54,""width"":65,""height"":39}","{""class"":""vest""}"
12.jpg,10981,"{""caption"":"""",""public_domain"":""no"",""image_url"":""""}",8,4,"{""name"":""rect"",""x"":78,""y"":154,""width"":50,""height"":22}","{""class"":""boot""}"
12.jpg,10981,"{""caption"":"""",""public_domain"":""no"",""image_url"":""""}",8,5,"{""name"":""rect"",""x"":23,""y"":141,""width"":34,""height"":26}","{""class"":""boot""}"
12.jpg,10981,"{""caption"":"""",""public_domain"":""no"",""image_url"":""""}",8,6,"{""name"":""rect"",""x"":205,""y"":150,""width"":28,""height"":23}","{""class"":""boot""}"
12.jpg,10981,"{""caption"":"""",""public_domain"":""no"",""image_url"":""""}",8,7,"{""name"":""rect"",""x"":223,""y"":116,""width"":17,""height"":25}","{""class"":""boot""}"
13.jpg,11486,"{""caption"":"""",""public_domain"":""no"",""image_url"":""""}",8,0,"{""name"":""rect"",""x"":166,""y"":15,""width"":46,""height"":29}","{""class"":""hardhat""}"
13.jpg,11486,"{""caption"":"""",""public_domain"":""no"",""image_url"":""""}",8,1,"{""name"":""rect"",""x"":215,""y"":17,""width"":46,""height"":31}","{""class"":""hardhat""}"
13.jpg,11486,"{""caption"":"""",""public_domain"":""no"",""image_url"":""""}",8,2,"{""name"":""rect"",""x"":255,""y"":44,""width"":44,""height"":23}","{""class"":""hardhat""}"
13.jpg,11486,"{""caption"":"""",""public_domain"":""no"",""image_url"":""""}",8,3,"{""name"":""rect"",""x"":197,""y"":77,""width"":67,""height"":70}","{""class"":""vest""}"
13.jpg,11486,"{""caption"":"""",""public_domain"":""no"",""image_url"":""""}",8,4,"{""name"":""rect"",""x"":211,""y"":48,""width"":37,""height"":25}","{""class"":""mask""}"
13.jpg,11486,"{""caption"":"""",""public_domain"":""no"",""image_url"":""""}",8,5,"{""name"":""rect"",""x"":158,""y"":43,""width"":38,""height"":41}","{""class"":""mask""}"
13.jpg,11486,"{""caption"":"""",""public_domain"":""no"",""image_url"":""""}",8,6,"{""name"":""rect"",""x"":49,""y"":1,""width"":59,""height"":21}","{""class"":""hardhat""}"
13.jpg,11486,"{""caption"":"""",""public_domain"":""no"",""image_url"":""""}",8,7,"{""name"":""rect"",""x"":16,""y"":45,""width"":90,""height"":80}","{""class"":""vest""}"
14.jpg,12105,"{""caption"":"""",""public_domain"":""no"",""image_url"":""""}",9,0,"{""name"":""rect"",""x"":2,""y"":3,""width"":45,""height"":25}","{""class"":""hardhat""}"
14.jpg,12105,"{""caption"":"""",""public_domain"":""no"",""image_url"":""""}",9,1,"{""name"":""rect"",""x"":115,""y"":8,""width"":51,""height"":38}","{""class"":""hardhat""}"
14.jpg,12105,"{""caption"":"""",""public_domain"":""no"",""image_url"":""""}",9,2,"{""name"":""rect"",""x"":182,""y"":6,""width"":57,""height"":49}","{""class"":""hardhat""}"
14.jpg,12105,"{""caption"":"""",""public_domain"":""no"",""image_url"":""""}",9,3,"{""name"":""rect"",""x"":199,""y"":59,""width"":23,""height"":18}","{""class"":""mask""}"
14.jpg,12105,"{""caption"":"""",""public_domain"":""no"",""image_url"":""""}",9,4,"{""name"":""rect"",""x"":10,""y"":31,""width"":34,""height"":20}","{""class"":""mask""}"
14.jpg,12105,"{""caption"":"""",""public_domain"":""no"",""image_url"":""""}",9,5,"{""name"":""rect"",""x"":1,""y"":52,""width"":64,""height"":123}","{""class"":""vest""}"
14.jpg,12105,"{""caption"":"""",""public_domain"":""no"",""image_url"":""""}",9,6,"{""name"":""rect"",""x"":125,""y"":55,""width"":29,""height"":16}","{""class"":""mask""}"
14.jpg,12105,"{""caption"":"""",""public_domain"":""no"",""image_url"":""""}",9,7,"{""name"":""rect"",""x"":125,""y"":77,""width"":65,""height"":99}","{""class"":""vest""}"
14.jpg,12105,"{""caption"":"""",""public_domain"":""no"",""image_url"":""""}",9,8,"{""name"":""rect"",""x"":215,""y"":131,""width"":31,""height"":70}","{""class"":""vest""}"
15.jpg,12905,"{""caption"":"""",""public_domain"":""no"",""image_url"":""""}",14,0,"{""name"":""rect"",""x"":51,""y"":9,""width"":58,""height"":40}","{""class"":""hardhat""}"
15.jpg,12905,"{""caption"":"""",""public_domain"":""no"",""image_url"":""""}",14,1,"{""name"":""rect"",""x"":123,""y"":59,""width"":47,""height"":33}","{""class"":""hardhat""}"
15.jpg,12905,"{""caption"":"""",""public_domain"":""no"",""image_url"":""""}",14,2,"{""name"":""rect"",""x"":165,""y"":85,""width"":39,""height"":25}","{""class"":""hardhat""}"
15.jpg,12905,"{""caption"":"""",""public_domain"":""no"",""image_url"":""""}",14,3,"{""name"":""rect"",""x"":195,""y"":62,""width"":32,""height"":21}","{""class"":""hardhat""}"
15.jpg,12905,"{""caption"":"""",""public_domain"":""no"",""image_url"":""""}",14,4,"{""name"":""rect"",""x"":235,""y"":86,""width"":23,""height"":16}","{""class"":""hardhat""}"
15.jpg,12905,"{""caption"":"""",""public_domain"":""no"",""image_url"":""""}",14,5,"{""name"":""rect"",""x"":225,""y"":75,""width"":13,""height"":16}","{""class"":""hardhat""}"
15.jpg,12905,"{""caption"":"""",""public_domain"":""no"",""image_url"":""""}",14,6,"{""name"":""rect"",""x"":64,""y"":53,""width"":40,""height"":29}","{""class"":""mask""}"
15.jpg,12905,"{""caption"":"""",""public_domain"":""no"",""image_url"":""""}",14,7,"{""name"":""rect"",""x"":126,""y"":89,""width"":39,""height"":27}","{""class"":""mask""}"
15.jpg,12905,"{""caption"":"""",""public_domain"":""no"",""image_url"":""""}",14,8,"{""name"":""rect"",""x"":182,""y"":115,""width"":20,""height"":19}","{""class"":""mask""}"
15.jpg,12905,"{""caption"":"""",""public_domain"":""no"",""image_url"":""""}",14,9,"{""name"":""rect"",""x"":239,""y"":109,""width"":16,""height"":11}","{""class"":""mask""}"
15.jpg,12905,"{""caption"":"""",""public_domain"":""no"",""image_url"":""""}",14,10,"{""name"":""rect"",""x"":208,""y"":89,""width"":19,""height"":17}","{""class"":""mask""}"
15.jpg,12905,"{""caption"":"""",""public_domain"":""no"",""image_url"":""""}",14,11,"{""name"":""rect"",""x"":179,""y"":138,""width"":41,""height"":43}","{""class"":""vest""}"
15.jpg,12905,"{""caption"":"""",""public_domain"":""no"",""image_url"":""""}",14,12,"{""name"":""rect"",""x"":234,""y"":127,""width"":28,""height"":49}","{""class"":""vest""}"
15.jpg,12905,"{""caption"":"""",""public_domain"":""no"",""image_url"":""""}",14,13,"{""name"":""rect"",""x"":122,""y"":123,""width"":55,""height"":39}","{""class"":""vest""}"
16.jpg,11869,"{""caption"":"""",""public_domain"":""no"",""image_url"":""""}",4,0,"{""name"":""rect"",""x"":74,""y"":1,""width"":52,""height"":29}","{""class"":""hardhat""}"
16.jpg,11869,"{""caption"":"""",""public_domain"":""no"",""image_url"":""""}",4,1,"{""name"":""rect"",""x"":176,""y"":3,""width"":55,""height"":22}","{""class"":""hardhat""}"
16.jpg,11869,"{""caption"":"""",""public_domain"":""no"",""image_url"":""""}",4,2,"{""name"":""rect"",""x"":48,""y"":66,""width"":92,""height"":84}","{""class"":""vest""}"
16.jpg,11869,"{""caption"":"""",""public_domain"":""no"",""image_url"":""""}",4,3,"{""name"":""rect"",""x"":161,""y"":71,""width"":86,""height"":70}","{""class"":""vest""}"
17.jpg,10965,"{""caption"":"""",""public_domain"":""no"",""image_url"":""""}",2,0,"{""name"":""rect"",""x"":98,""y"":19,""width"":44,""height"":22}","{""class"":""hardhat""}"
17.jpg,10965,"{""caption"":"""",""public_domain"":""no"",""image_url"":""""}",2,1,"{""name"":""rect"",""x"":65,""y"":81,""width"":85,""height"":102}","{""class"":""vest""}"
18.jpg,9214,"{""caption"":"""",""public_domain"":""no"",""image_url"":""""}",3,0,"{""name"":""rect"",""x"":102,""y"":37,""width"":48,""height"":35}","{""class"":""hardhat""}"
18.jpg,9214,"{""caption"":"""",""public_domain"":""no"",""image_url"":""""}",3,1,"{""name"":""rect"",""x"":120,""y"":77,""width"":17,""height"":12}","{""class"":""mask""}"
18.jpg,9214,"{""caption"":"""",""public_domain"":""no"",""image_url"":""""}",3,2,"{""name"":""rect"",""x"":12,""y"":142,""width"":25,""height"":40}","{""class"":""boot""}"
19.jpg,10316,"{""caption"":"""",""public_domain"":""no"",""image_url"":""""}",2,0,"{""name"":""rect"",""x"":213,""y"":5,""width"":50,""height"":36}","{""class"":""hardhat""}"
19.jpg,10316,"{""caption"":"""",""public_domain"":""no"",""image_url"":""""}",2,1,"{""name"":""rect"",""x"":193,""y"":67,""width"":86,""height"":93}","{""class"":""vest""}"
20.jpg,5764,"{""caption"":"""",""public_domain"":""no"",""image_url"":""""}",3,0,"{""name"":""rect"",""x"":57,""y"":8,""width"":43,""height"":25}","{""class"":""hardhat""}"
20.jpg,5764,"{""caption"":"""",""public_domain"":""no"",""image_url"":""""}",3,1,"{""name"":""rect"",""x"":56,""y"":236,""width"":52,""height"":25}","{""class"":""boot""}"
20.jpg,5764,"{""caption"":"""",""public_domain"":""no"",""image_url"":""""}",3,2,"{""name"":""rect"",""x"":142,""y"":138,""width"":24,""height"":22}","{""class"":""boot""}"
21.jpg,11779,"{""caption"":"""",""public_domain"":""no"",""image_url"":""""}",6,0,"{""name"":""rect"",""x"":18,""y"":105,""width"":42,""height"":12}","{""class"":""boot""}"
21.jpg,11779,"{""caption"":"""",""public_domain"":""no"",""image_url"":""""}",6,1,"{""name"":""rect"",""x"":107,""y"":88,""width"":20,""height"":14}","{""class"":""boot""}"
21.jpg,11779,"{""caption"":"""",""public_domain"":""no"",""image_url"":""""}",6,2,"{""name"":""rect"",""x"":21,""y"":12,""width"":51,""height"":34}","{""class"":""vest""}"
21.jpg,11779,"{""caption"":"""",""public_domain"":""no"",""image_url"":""""}",6,3,"{""name"":""rect"",""x"":78,""y"":6,""width"":18,""height"":28}","{""class"":""boot""}"
21.jpg,11779,"{""caption"":"""",""public_domain"":""no"",""image_url"":""""}",6,4,"{""name"":""rect"",""x"":98,""y"":10,""width"":12,""height"":22}","{""class"":""hardhat""}"
21.jpg,11779,"{""caption"":"""",""public_domain"":""no"",""image_url"":""""}",6,5,"{""name"":""rect"",""x"":320,""y"":2,""width"":39,""height"":16}","{""class"":""hardhat""}"
22.jpg,11066,"{""caption"":"""",""public_domain"":""no"",""image_url"":""""}",4,0,"{""name"":""rect"",""x"":122,""y"":4,""width"":30,""height"":38}","{""class"":""hardhat""}"
22.jpg,11066,"{""caption"":"""",""public_domain"":""no"",""image_url"":""""}",4,1,"{""name"":""rect"",""x"":84,""y"":8,""width"":34,""height"":78}","{""class"":""vest""}"
22.jpg,11066,"{""caption"":"""",""public_domain"":""no"",""image_url"":""""}",4,2,"{""name"":""rect"",""x"":29,""y"":143,""width"":33,""height"":43}","{""class"":""boot""}"
22.jpg,11066,"{""caption"":"""",""public_domain"":""no"",""image_url"":""""}",4,3,"{""name"":""rect"",""x"":107,""y"":150,""width"":38,""height"":30}","{""class"":""boot""}"
23.jpg,8292,"{""caption"":"""",""public_domain"":""no"",""image_url"":""""}",4,0,"{""name"":""rect"",""x"":78,""y"":78,""width"":34,""height"":23}","{""class"":""hardhat""}"
23.jpg,8292,"{""caption"":"""",""public_domain"":""no"",""image_url"":""""}",4,1,"{""name"":""rect"",""x"":161,""y"":17,""width"":91,""height"":55}","{""class"":""hardhat""}"
23.jpg,8292,"{""caption"":"""",""public_domain"":""no"",""image_url"":""""}",4,2,"{""name"":""rect"",""x"":71,""y"":118,""width"":64,""height"":73}","{""class"":""vest""}"
23.jpg,8292,"{""caption"":"""",""public_domain"":""no"",""image_url"":""""}",4,3,"{""name"":""rect"",""x"":168,""y"":144,""width"":88,""height"":48}","{""class"":""vest""}"
24.jpg,13614,"{""caption"":"""",""public_domain"":""no"",""image_url"":""""}",2,0,"{""name"":""rect"",""x"":66,""y"":21,""width"":64,""height"":47}","{""class"":""hardhat""}"
24.jpg,13614,"{""caption"":"""",""public_domain"":""no"",""image_url"":""""}",2,1,"{""name"":""rect"",""x"":31,""y"":114,""width"":101,""height"":148}","{""class"":""vest""}"
25.jpg,8769,"{""caption"":"""",""public_domain"":""no"",""image_url"":""""}",2,0,"{""name"":""rect"",""x"":33,""y"":7,""width"":87,""height"":61}","{""class"":""hardhat""}"
25.jpg,8769,"{""caption"":"""",""public_domain"":""no"",""image_url"":""""}",2,1,"{""name"":""rect"",""x"":131,""y"":41,""width"":66,""height"":45}","{""class"":""hardhat""}"
26.jpg,5954,"{""caption"":"""",""public_domain"":""no"",""image_url"":""""}",3,0,"{""name"":""rect"",""x"":92,""y"":7,""width"":96,""height"":44}","{""class"":""hardhat""}"
26.jpg,5954,"{""caption"":"""",""public_domain"":""no"",""image_url"":""""}",3,1,"{""name"":""rect"",""x"":74,""y"":108,""width"":141,""height"":70}","{""class"":""vest""}"
26.jpg,5954,"{""caption"":"""",""public_domain"":""no"",""image_url"":""""}",3,2,"{""name"":""rect"",""x"":102,""y"":61,""width"":52,""height"":46}","{""class"":""mask""}"
27.jpg,6485,"{""caption"":"""",""public_domain"":""no"",""image_url"":""""}",3,0,"{""name"":""rect"",""x"":128,""y"":5,""width"":85,""height"":46}","{""class"":""hardhat""}"
27.jpg,6485,"{""caption"":"""",""public_domain"":""no"",""image_url"":""""}",3,1,"{""name"":""rect"",""x"":134,""y"":59,""width"":56,""height"":40}","{""class"":""mask""}"
27.jpg,6485,"{""caption"":"""",""public_domain"":""no"",""image_url"":""""}",3,2,"{""name"":""rect"",""x"":92,""y"":106,""width"":169,""height"":70}","{""class"":""vest""}"
28.jpg,11664,"{""caption"":"""",""public_domain"":""no"",""image_url"":""""}",2,0,"{""name"":""rect"",""x"":73,""y"":1,""width"":95,""height"":87}","{""class"":""hardhat""}"
28.jpg,11664,"{""caption"":"""",""public_domain"":""no"",""image_url"":""""}",2,1,"{""name"":""rect"",""x"":188,""y"":28,""width"":96,""height"":140}","{""class"":""vest""}"
29.jpg,7168,"{""caption"":"""",""public_domain"":""no"",""image_url"":""""}",3,0,"{""name"":""rect"",""x"":42,""y"":42,""width"":72,""height"":45}","{""class"":""hardhat""}"
29.jpg,7168,"{""caption"":"""",""public_domain"":""no"",""image_url"":""""}",3,1,"{""name"":""rect"",""x"":63,""y"":96,""width"":56,""height"":40}","{""class"":""mask""}"
29.jpg,7168,"{""caption"":"""",""public_domain"":""no"",""image_url"":""""}",3,2,"{""name"":""rect"",""x"":28,""y"":132,""width"":119,""height"":140}","{""class"":""vest""}"
30.jpg,11210,"{""caption"":"""",""public_domain"":""no"",""image_url"":""""}",3,0,"{""name"":""rect"",""x"":110,""y"":14,""width"":72,""height"":48}","{""class"":""hardhat""}"
30.jpg,11210,"{""caption"":"""",""public_domain"":""no"",""image_url"":""""}",3,1,"{""name"":""rect"",""x"":116,""y"":80,""width"":52,""height"":41}","{""class"":""mask""}"
30.jpg,11210,"{""caption"":"""",""public_domain"":""no"",""image_url"":""""}",3,2,"{""name"":""rect"",""x"":102,""y"":108,""width"":106,""height"":72}","{""class"":""vest""}"
31.jpg,16483,"{""caption"":"""",""public_domain"":""no"",""image_url"":""""}",3,0,"{""name"":""rect"",""x"":78,""y"":3,""width"":73,""height"":52}","{""class"":""hardhat""}"
31.jpg,16483,"{""caption"":"""",""public_domain"":""no"",""image_url"":""""}",3,1,"{""name"":""rect"",""x"":93,""y"":60,""width"":40,""height"":29}","{""class"":""mask""}"
31.jpg,16483,"{""caption"":"""",""public_domain"":""no"",""image_url"":""""}",3,2,"{""name"":""rect"",""x"":129,""y"":91,""width"":126,""height"":74}","{""class"":""vest""}"
32.jpg,9038,"{""caption"":"""",""public_domain"":""no"",""image_url"":""""}",3,0,"{""name"":""rect"",""x"":117,""y"":62,""width"":41,""height"":31}","{""class"":""hardhat""}"
32.jpg,9038,"{""caption"":"""",""public_domain"":""no"",""image_url"":""""}",3,1,"{""name"":""rect"",""x"":120,""y"":90,""width"":30,""height"":20}","{""class"":""mask""}"
32.jpg,9038,"{""caption"":"""",""public_domain"":""no"",""image_url"":""""}",3,2,"{""name"":""rect"",""x"":99,""y"":110,""width"":58,""height"":55}","{""class"":""vest""}"
33.jpg,10802,"{""caption"":"""",""public_domain"":""no"",""image_url"":""""}",3,0,"{""name"":""rect"",""x"":134,""y"":9,""width"":38,""height"":26}","{""class"":""hardhat""}"
33.jpg,10802,"{""caption"":"""",""public_domain"":""no"",""image_url"":""""}",3,1,"{""name"":""rect"",""x"":97,""y"":64,""width"":109,""height"":106}","{""class"":""vest""}"
33.jpg,10802,"{""caption"":"""",""public_domain"":""no"",""image_url"":""""}",3,2,"{""name"":""rect"",""x"":132,""y"":37,""width"":40,""height"":20}","{""class"":""mask""}"
34.jpg,11728,"{""caption"":"""",""public_domain"":""no"",""image_url"":""""}",2,0,"{""name"":""rect"",""x"":168,""y"":1,""width"":78,""height"":62}","{""class"":""hardhat""}"
34.jpg,11728,"{""caption"":"""",""public_domain"":""no"",""image_url"":""""}",2,1,"{""name"":""rect"",""x"":180,""y"":64,""width"":44,""height"":32}","{""class"":""mask""}"
35.jpg,7568,"{""caption"":"""",""public_domain"":""no"",""image_url"":""""}",3,0,"{""name"":""rect"",""x"":57,""y"":74,""width"":38,""height"":19}","{""class"":""hardhat""}"
35.jpg,7568,"{""caption"":"""",""public_domain"":""no"",""image_url"":""""}",3,1,"{""name"":""rect"",""x"":72,""y"":90,""width"":24,""height"":18}","{""class"":""mask""}"
35.jpg,7568,"{""caption"":"""",""public_domain"":""no"",""image_url"":""""}",3,2,"{""name"":""rect"",""x"":38,""y"":106,""width"":66,""height"":76}","{""class"":""vest""}"
36.jpg,8414,"{""caption"":"""",""public_domain"":""no"",""image_url"":""""}",4,0,"{""name"":""rect"",""x"":48,""y"":12,""width"":52,""height"":34}","{""class"":""hardhat""}"
36.jpg,8414,"{""caption"":"""",""public_domain"":""no"",""image_url"":""""}",4,1,"{""name"":""rect"",""x"":149,""y"":2,""width"":51,""height"":39}","{""class"":""hardhat""}"
36.jpg,8414,"{""caption"":"""",""public_domain"":""no"",""image_url"":""""}",4,2,"{""name"":""rect"",""x"":162,""y"":45,""width"":43,""height"":19}","{""class"":""mask""}"
36.jpg,8414,"{""caption"":"""",""public_domain"":""no"",""image_url"":""""}",4,3,"{""name"":""rect"",""x"":57,""y"":53,""width"":44,""height"":29}","{""class"":""mask""}"
37.jpg,8265,"{""caption"":"""",""public_domain"":""no"",""image_url"":""""}",4,0,"{""name"":""rect"",""x"":125,""y"":18,""width"":58,""height"":37}","{""class"":""hardhat""}"
37.jpg,8265,"{""caption"":"""",""public_domain"":""no"",""image_url"":""""}",4,1,"{""name"":""rect"",""x"":119,""y"":85,""width"":33,""height"":91}","{""class"":""vest""}"
37.jpg,8265,"{""caption"":"""",""public_domain"":""no"",""image_url"":""""}",4,2,"{""name"":""rect"",""x"":178,""y"":90,""width"":22,""height"":88}","{""class"":""vest""}"
37.jpg,8265,"{""caption"":"""",""public_domain"":""no"",""image_url"":""""}",4,3,"{""name"":""rect"",""x"":131,""y"":55,""width"":24,""height"":22}","{""class"":""mask""}"
38.jpg,8819,"{""caption"":"""",""public_domain"":""no"",""image_url"":""""}",3,0,"{""name"":""rect"",""x"":54,""y"":44,""width"":66,""height"":35}","{""class"":""hardhat""}"
38.jpg,8819,"{""caption"":"""",""public_domain"":""no"",""image_url"":""""}",3,1,"{""name"":""rect"",""x"":90,""y"":85,""width"":29,""height"":37}","{""class"":""mask""}"
38.jpg,8819,"{""caption"":"""",""public_domain"":""no"",""image_url"":""""}",3,2,"{""name"":""rect"",""x"":40,""y"":112,""width"":100,""height"":70}","{""class"":""vest""}"
39.jpg,15614,"{""caption"":"""",""public_domain"":""no"",""image_url"":""""}",3,0,"{""name"":""rect"",""x"":99,""y"":40,""width"":23,""height"":29}","{""class"":""hardhat""}"
39.jpg,15614,"{""caption"":"""",""public_domain"":""no"",""image_url"":""""}",3,1,"{""name"":""rect"",""x"":68,""y"":50,""width"":29,""height"":34}","{""class"":""vest""}"
39.jpg,15614,"{""caption"":"""",""public_domain"":""no"",""image_url"":""""}",3,2,"{""name"":""rect"",""x"":42,""y"":114,""width"":16,""height"":32}","{""class"":""boot""}"
40.jpg,8405,"{""caption"":"""",""public_domain"":""no"",""image_url"":""""}",3,0,"{""name"":""rect"",""x"":119,""y"":16,""width"":93,""height"":54}","{""class"":""hardhat""}"
40.jpg,8405,"{""caption"":"""",""public_domain"":""no"",""image_url"":""""}",3,1,"{""name"":""rect"",""x"":127,""y"":74,""width"":52,""height"":40}","{""class"":""mask""}"
40.jpg,8405,"{""caption"":"""",""public_domain"":""no"",""image_url"":""""}",3,2,"{""name"":""rect"",""x"":115,""y"":118,""width"":122,""height"":74}","{""class"":""vest""}"
41.jpg,12210,"{""caption"":"""",""public_domain"":""no"",""image_url"":""""}",9,0,"{""name"":""rect"",""x"":55,""y"":27,""width"":48,""height"":23}","{""class"":""hardhat""}"
41.jpg,12210,"{""caption"":"""",""public_domain"":""no"",""image_url"":""""}",9,1,"{""name"":""rect"",""x"":158,""y"":67,""width"":32,""height"":23}","{""class"":""hardhat""}"
41.jpg,12210,"{""caption"":"""",""public_domain"":""no"",""image_url"":""""}",9,2,"{""name"":""rect"",""x"":216,""y"":68,""width"":44,""height"":24}","{""class"":""mask""}"
41.jpg,12210,"{""caption"":"""",""public_domain"":""no"",""image_url"":""""}",9,3,"{""name"":""rect"",""x"":226,""y"":93,""width"":23,""height"":9}","{""class"":undefined}"
41.jpg,12210,"{""caption"":"""",""public_domain"":""no"",""image_url"":""""}",9,4,"{""name"":""rect"",""x"":163,""y"":92,""width"":23,""height"":13}","{""class"":""mask""}"
41.jpg,12210,"{""caption"":"""",""public_domain"":""no"",""image_url"":""""}",9,5,"{""name"":""rect"",""x"":72,""y"":55,""width"":30,""height"":21}","{""class"":""mask""}"
41.jpg,12210,"{""caption"":"""",""public_domain"":""no"",""image_url"":""""}",9,6,"{""name"":""rect"",""x"":150,""y"":105,""width"":54,""height"":69}","{""class"":""vest""}"
41.jpg,12210,"{""caption"":"""",""public_domain"":""no"",""image_url"":""""}",9,7,"{""name"":""rect"",""x"":232,""y"":106,""width"":39,""height"":74}","{""class"":""vest""}"
41.jpg,12210,"{""caption"":"""",""public_domain"":""no"",""image_url"":""""}",9,8,"{""name"":""rect"",""x"":42,""y"":84,""width"":67,""height"":91}","{""class"":""vest""}"
42.jpg,16641,"{""caption"":"""",""public_domain"":""no"",""image_url"":""""}",9,0,"{""name"":""rect"",""x"":76,""y"":12,""width"":43,""height"":38}","{""class"":""hardhat""}"
42.jpg,16641,"{""caption"":"""",""public_domain"":""no"",""image_url"":""""}",9,1,"{""name"":""rect"",""x"":148,""y"":17,""width"":32,""height"":24}","{""class"":""hardhat""}"
42.jpg,16641,"{""caption"":"""",""public_domain"":""no"",""image_url"":""""}",9,2,"{""name"":""rect"",""x"":211,""y"":12,""width"":38,""height"":38}","{""class"":""hardhat""}"
42.jpg,16641,"{""caption"":"""",""public_domain"":""no"",""image_url"":""""}",9,3,"{""name"":""rect"",""x"":67,""y"":64,""width"":55,""height"":73}","{""class"":""vest""}"
42.jpg,16641,"{""caption"":"""",""public_domain"":""no"",""image_url"":""""}",9,4,"{""name"":""rect"",""x"":155,""y"":40,""width"":18,""height"":13}","{""class"":""mask""}"
42.jpg,16641,"{""caption"":"""",""public_domain"":""no"",""image_url"":""""}",9,5,"{""name"":""rect"",""x"":223,""y"":47,""width"":18,""height"":16}","{""class"":""mask""}"
42.jpg,16641,"{""caption"":"""",""public_domain"":""no"",""image_url"":""""}",9,6,"{""name"":""rect"",""x"":88,""y"":52,""width"":26,""height"":12}","{""class"":""mask""}"
42.jpg,16641,"{""caption"":"""",""public_domain"":""no"",""image_url"":""""}",9,7,"{""name"":""rect"",""x"":132,""y"":44,""width"":51,""height"":68}","{""class"":""vest""}"
42.jpg,16641,"{""caption"":"""",""public_domain"":""no"",""image_url"":""""}",9,8,"{""name"":""rect"",""x"":217,""y"":57,""width"":56,""height"":90}","{""class"":""vest""}"
43.jpg,9775,"{""caption"":"""",""public_domain"":""no"",""image_url"":""""}",2,0,"{""name"":""rect"",""x"":154,""y"":43,""width"":68,""height"":45}","{""class"":""hardhat""}"
43.jpg,9775,"{""caption"":"""",""public_domain"":""no"",""image_url"":""""}",2,1,"{""name"":""rect"",""x"":159,""y"":94,""width"":44,""height"":35}","{""class"":""mask""}"
44.jpg,10398,"{""caption"":"""",""public_domain"":""no"",""image_url"":""""}",3,0,"{""name"":""rect"",""x"":132,""y"":38,""width"":57,""height"":35}","{""class"":""hardhat""}"
44.jpg,10398,"{""caption"":"""",""public_domain"":""no"",""image_url"":""""}",3,1,"{""name"":""rect"",""x"":135,""y"":79,""width"":52,""height"":35}","{""class"":""mask""}"
44.jpg,10398,"{""caption"":"""",""public_domain"":""no"",""image_url"":""""}",3,2,"{""name"":""rect"",""x"":128,""y"":104,""width"":86,""height"":90}","{""class"":""vest""}"
45.jpg,10145,"{""caption"":"""",""public_domain"":""no"",""image_url"":""""}",3,0,"{""name"":""rect"",""x"":123,""y"":33,""width"":31,""height"":28}","{""class"":""hardhat""}"
45.jpg,10145,"{""caption"":"""",""public_domain"":""no"",""image_url"":""""}",3,1,"{""name"":""rect"",""x"":139,""y"":62,""width"":13,""height"":10}","{""class"":""mask""}"
45.jpg,10145,"{""caption"":"""",""public_domain"":""no"",""image_url"":""""}",3,2,"{""name"":""rect"",""x"":172,""y"":125,""width"":35,""height"":22}","{""class"":""boot""}"
46.jpg,10775,"{""caption"":"""",""public_domain"":""no"",""image_url"":""""}",3,0,"{""name"":""rect"",""x"":37,""y"":8,""width"":35,""height"":45}","{""class"":""hardhat""}"
46.jpg,10775,"{""caption"":"""",""public_domain"":""no"",""image_url"":""""}",3,1,"{""name"":""rect"",""x"":76,""y"":187,""width"":77,""height"":35}","{""class"":""boot""}"
46.jpg,10775,"{""caption"":"""",""public_domain"":""no"",""image_url"":""""}",3,2,"{""name"":""rect"",""x"":141,""y"":175,""width"":36,""height"":19}","{""class"":""boot""}"
47.jpg,9990,"{""caption"":"""",""public_domain"":""no"",""image_url"":""""}",5,0,"{""name"":""rect"",""x"":24,""y"":31,""width"":58,""height"":98}","{""class"":""boot""}"
47.jpg,9990,"{""caption"":"""",""public_domain"":""no"",""image_url"":""""}",5,1,"{""name"":""rect"",""x"":82,""y"":63,""width"":51,""height"":100}","{""class"":""boot""}"
47.jpg,9990,"{""caption"":"""",""public_domain"":""no"",""image_url"":""""}",5,2,"{""name"":""rect"",""x"":123,""y"":61,""width"":78,""height"":94}","{""class"":""boot""}"
47.jpg,9990,"{""caption"":"""",""public_domain"":""no"",""image_url"":""""}",5,3,"{""name"":""rect"",""x"":197,""y"":35,""width"":69,""height"":104}","{""class"":""boot""}"
47.jpg,9990,"{""caption"":"""",""public_domain"":""no"",""image_url"":""""}",5,4,"{""name"":""rect"",""x"":2,""y"":36,""width"":49,""height"":101}","{""class"":""boot""}"
48.jpg,10425,"{""caption"":"""",""public_domain"":""no"",""image_url"":""""}",3,0,"{""name"":""rect"",""x"":3,""y"":146,""width"":70,""height"":74}","{""class"":""boot""}"
48.jpg,10425,"{""caption"":"""",""public_domain"":""no"",""image_url"":""""}",3,1,"{""name"":""rect"",""x"":82,""y"":3,""width"":66,""height"":70}","{""class"":""hardhat""}"
48.jpg,10425,"{""caption"":"""",""public_domain"":""no"",""image_url"":""""}",3,2,"{""name"":""rect"",""x"":87,""y"":78,""width"":70,""height"":30}","{""class"":""vest""}"
49.jpg,9922,"{""caption"":"""",""public_domain"":""no"",""image_url"":""""}",3,0,"{""name"":""rect"",""x"":160,""y"":147,""width"":37,""height"":26}","{""class"":""boot""}"
49.jpg,9922,"{""caption"":"""",""public_domain"":""no"",""image_url"":""""}",3,1,"{""name"":""rect"",""x"":143,""y"":13,""width"":53,""height"":83}","{""class"":""vest""}"
49.jpg,9922,"{""caption"":"""",""public_domain"":""no"",""image_url"":""""}",3,2,"{""name"":""rect"",""x"":103,""y"":130,""width"":41,""height"":20}","{""class"":""boot""}"
50.jpg,11650,"{""caption"":"""",""public_domain"":""no"",""image_url"":""""}",5,0,"{""name"":""rect"",""x"":107,""y"":127,""width"":20,""height"":24}","{""class"":""boot""}"
50.jpg,11650,"{""caption"":"""",""public_domain"":""no"",""image_url"":""""}",5,1,"{""name"":""rect"",""x"":123,""y"":9,""width"":25,""height"":27}","{""class"":""hardhat""}"
50.jpg,11650,"{""caption"":"""",""public_domain"":""no"",""image_url"":""""}",5,2,"{""name"":""rect"",""x"":118,""y"":34,""width"":39,""height"":38}","{""class"":""vest""}"
50.jpg,11650,"{""caption"":"""",""public_domain"":""no"",""image_url"":""""}",5,3,"{""name"":""rect"",""x"":18,""y"":75,""width"":15,""height"":17}","{""class"":""hardhat""}"
50.jpg,11650,"{""caption"":"""",""public_domain"":""no"",""image_url"":""""}",5,4,"{""name"":""rect"",""x"":31,""y"":78,""width"":12,""height"":24}","{""class"":""vest""}"
51.jpg,7210,"{""caption"":"""",""public_domain"":""no"",""image_url"":""""}",5,0,"{""name"":""rect"",""x"":102,""y"":58,""width"":48,""height"":116}","{""class"":""boot""}"
51.jpg,7210,"{""caption"":"""",""public_domain"":""no"",""image_url"":""""}",5,1,"{""name"":""rect"",""x"":167,""y"":57,""width"":61,""height"":105}","{""class"":""boot""}"
51.jpg,7210,"{""caption"":"""",""public_domain"":""no"",""image_url"":""""}",5,2,"{""name"":""rect"",""x"":56,""y"":16,""width"":65,""height"":95}","{""class"":""boot""}"
51.jpg,7210,"{""caption"":"""",""public_domain"":""no"",""image_url"":""""}",5,3,"{""name"":""rect"",""x"":1,""y"":23,""width"":54,""height"":88}","{""class"":""boot""}"
51.jpg,7210,"{""caption"":"""",""public_domain"":""no"",""image_url"":""""}",5,4,"{""name"":""rect"",""x"":149,""y"":41,""width"":32,""height"":69}","{""class"":""boot""}"
52.jpg,11678,"{""caption"":"""",""public_domain"":""no"",""image_url"":""""}",2,0,"{""name"":""rect"",""x"":18,""y"":60,""width"":115,""height"":100}","{""class"":""boot""}"
52.jpg,11678,"{""caption"":"""",""public_domain"":""no"",""image_url"":""""}",2,1,"{""name"":""rect"",""x"":99,""y"":27,""width"":73,""height"":85}","{""class"":""boot""}"
53.jpg,12220,"{""caption"":"""",""public_domain"":""no"",""image_url"":""""}",3,0,"{""name"":""rect"",""x"":92,""y"":160,""width"":27,""height"":30}","{""class"":""boot""}"
53.jpg,12220,"{""caption"":"""",""public_domain"":""no"",""image_url"":""""}",3,1,"{""name"":""rect"",""x"":127,""y"":152,""width"":22,""height"":37}","{""class"":""boot""}"
53.jpg,12220,"{""caption"":"""",""public_domain"":""no"",""image_url"":""""}",3,2,"{""name"":""rect"",""x"":106,""y"":14,""width"":29,""height"":26}","{""class"":""hardhat""}"
54.jpg,11777,"{""caption"":"""",""public_domain"":""no"",""image_url"":""""}",3,0,"{""name"":""rect"",""x"":116,""y"":186,""width"":34,""height"":33}","{""class"":""boot""}"
54.jpg,11777,"{""caption"":"""",""public_domain"":""no"",""image_url"":""""}",3,1,"{""name"":""rect"",""x"":51,""y"":182,""width"":22,""height"":41}","{""class"":""boot""}"
54.jpg,11777,"{""caption"":"""",""public_domain"":""no"",""image_url"":""""}",3,2,"{""name"":""rect"",""x"":77,""y"":27,""width"":44,""height"":31}","{""class"":""hardhat""}"
55.jpg,7489,"{""caption"":"""",""public_domain"":""no"",""image_url"":""""}",4,0,"{""name"":""rect"",""x"":59,""y"":10,""width"":40,""height"":30}","{""class"":""hardhat""}"
55.jpg,7489,"{""caption"":"""",""public_domain"":""no"",""image_url"":""""}",4,1,"{""name"":""rect"",""x"":57,""y"":53,""width"":57,""height"":91}","{""class"":""vest""}"
55.jpg,7489,"{""caption"":"""",""public_domain"":""no"",""image_url"":""""}",4,2,"{""name"":""rect"",""x"":58,""y"":216,""width"":37,""height"":42}","{""class"":""boot""}"
55.jpg,7489,"{""caption"":"""",""public_domain"":""no"",""image_url"":""""}",4,3,"{""name"":""rect"",""x"":80,""y"":214,""width"":28,""height"":38}","{""class"":""boot""}"
56.jpg,9941,"{""caption"":"""",""public_domain"":""no"",""image_url"":""""}",3,0,"{""name"":""rect"",""x"":197,""y"":3,""width"":44,""height"":40}","{""class"":""hardhat""}"
56.jpg,9941,"{""caption"":"""",""public_domain"":""no"",""image_url"":""""}",3,1,"{""name"":""rect"",""x"":136,""y"":2,""width"":35,""height"":18}","{""class"":""hardhat""}"
56.jpg,9941,"{""caption"":"""",""public_domain"":""no"",""image_url"":""""}",3,2,"{""name"":""rect"",""x"":48,""y"":141,""width"":56,""height"":25}","{""class"":""boot""}"
57.jpg,12756,"{""caption"":"""",""public_domain"":""no"",""image_url"":""""}",4,0,"{""name"":""rect"",""x"":137,""y"":140,""width"":62,""height"":31}","{""class"":""boot""}"
57.jpg,12756,"{""caption"":"""",""public_domain"":""no"",""image_url"":""""}",4,1,"{""name"":""rect"",""x"":214,""y"":131,""width"":45,""height"":25}","{""class"":""boot""}"
57.jpg,12756,"{""caption"":"""",""public_domain"":""no"",""image_url"":""""}",4,2,"{""name"":""rect"",""x"":144,""y"":10,""width"":95,""height"":43}","{""class"":""vest""}"
57.jpg,12756,"{""caption"":"""",""public_domain"":""no"",""image_url"":""""}",4,3,"{""name"":""rect"",""x"":116,""y"":1,""width"":28,""height"":28}","{""class"":""hardhat""}"
58.jpg,7967,"{""caption"":"""",""public_domain"":""no"",""image_url"":""""}",3,0,"{""name"":""rect"",""x"":103,""y"":65,""width"":51,""height"":64}","{""class"":""boot""}"
58.jpg,7967,"{""caption"":"""",""public_domain"":""no"",""image_url"":""""}",3,1,"{""name"":""rect"",""x"":180,""y"":72,""width"":44,""height"":57}","{""class"":""boot""}"
58.jpg,7967,"{""caption"":"""",""public_domain"":""no"",""image_url"":""""}",3,2,"{""name"":""rect"",""x"":223,""y"":69,""width"":38,""height"":64}","{""class"":""boot""}"
59.jpg,12330,"{""caption"":"""",""public_domain"":""no"",""image_url"":""""}",3,0,"{""name"":""rect"",""x"":130,""y"":133,""width"":26,""height"":19}","{""class"":""boot""}"
59.jpg,12330,"{""caption"":"""",""public_domain"":""no"",""image_url"":""""}",3,1,"{""name"":""rect"",""x"":169,""y"":132,""width"":25,""height"":18}","{""class"":""boot""}"
59.jpg,12330,"{""caption"":"""",""public_domain"":""no"",""image_url"":""""}",3,2,"{""name"":""rect"",""x"":141,""y"":32,""width"":21,""height"":13}","{""class"":""hardhat""}"
60.jpg,7603,"{""caption"":"""",""public_domain"":""no"",""image_url"":""""}",4,0,"{""name"":""rect"",""x"":74,""y"":17,""width"":39,""height"":24}","{""class"":""hardhat""}"
60.jpg,7603,"{""caption"":"""",""public_domain"":""no"",""image_url"":""""}",4,1,"{""name"":""rect"",""x"":57,""y"":58,""width"":70,""height"":91}","{""class"":""vest""}"
60.jpg,7603,"{""caption"":"""",""public_domain"":""no"",""image_url"":""""}",4,2,"{""name"":""rect"",""x"":22,""y"":219,""width"":42,""height"":46}","{""class"":""boot""}"
60.jpg,7603,"{""caption"":"""",""public_domain"":""no"",""image_url"":""""}",4,3,"{""name"":""rect"",""x"":108,""y"":232,""width"":50,""height"":32}","{""class"":""boot""}"
61.jpg,11621,"{""caption"":"""",""public_domain"":""no"",""image_url"":""""}",3,0,"{""name"":""rect"",""x"":172,""y"":17,""width"":43,""height"":50}","{""class"":""hardhat""}"
61.jpg,11621,"{""caption"":"""",""public_domain"":""no"",""image_url"":""""}",3,1,"{""name"":""rect"",""x"":4,""y"":132,""width"":50,""height"":83}","{""class"":""boot""}"
61.jpg,11621,"{""caption"":"""",""public_domain"":""no"",""image_url"":""""}",3,2,"{""name"":""rect"",""x"":124,""y"":135,""width"":44,""height"":29}","{""class"":""boot""}"
62.jpg,13807,"{""caption"":"""",""public_domain"":""no"",""image_url"":""""}",1,0,"{""name"":""rect"",""x"":60,""y"":88,""width"":70,""height"":48}","{""class"":""boot""}"
63.jpg,8664,"{""caption"":"""",""public_domain"":""no"",""image_url"":""""}",3,0,"{""name"":""rect"",""x"":38,""y"":157,""width"":30,""height"":53}","{""class"":""boot""}"
63.jpg,8664,"{""caption"":"""",""public_domain"":""no"",""image_url"":""""}",3,1,"{""name"":""rect"",""x"":122,""y"":205,""width"":37,""height"":53}","{""class"":""boot""}"
63.jpg,8664,"{""caption"":"""",""public_domain"":""no"",""image_url"":""""}",3,2,"{""name"":""rect"",""x"":72,""y"":62,""width"":71,""height"":76}","{""class"":""vest""}"
64.jpg,10482,"{""caption"":"""",""public_domain"":""no"",""image_url"":""""}",3,0,"{""name"":""rect"",""x"":91,""y"":116,""width"":46,""height"":43}","{""class"":""boot""}"
64.jpg,10482,"{""caption"":"""",""public_domain"":""no"",""image_url"":""""}",3,1,"{""name"":""rect"",""x"":155,""y"":27,""width"":23,""height"":39}","{""class"":""hardhat""}"
64.jpg,10482,"{""caption"":"""",""public_domain"":""no"",""image_url"":""""}",3,2,"{""name"":""rect"",""x"":75,""y"":28,""width"":70,""height"":29}","{""class"":""vest""}"
65.jpg,1213083,"{""caption"":"""",""public_domain"":""no"",""image_url"":""""}",2,0,"{""name"":""rect"",""x"":932,""y"":203,""width"":400,""height"":439}","{""class"":""mask""}"
65.jpg,1213083,"{""caption"":"""",""public_domain"":""no"",""image_url"":""""}",2,1,"{""name"":""rect"",""x"":898,""y"":611,""width"":748,""height"":388}","{""class"":""vest""}"
66.jpg,967513,"{""caption"":"""",""public_domain"":""no"",""image_url"":""""}",8,0,"{""name"":""rect"",""x"":1141,""y"":234,""width"":127,""height"":119}","{""class"":""hardhat""}"
66.jpg,967513,"{""caption"":"""",""public_domain"":""no"",""image_url"":""""}",8,1,"{""name"":""rect"",""x"":1432,""y"":203,""width"":147,""height"":88}","{""class"":""hardhat""}"
66.jpg,967513,"{""caption"":"""",""public_domain"":""no"",""image_url"":""""}",8,2,"{""name"":""rect"",""x"":1014,""y"":912,""width"":144,""height"":138}","{""class"":""boot""}"
66.jpg,967513,"{""caption"":"""",""public_domain"":""no"",""image_url"":""""}",8,3,"{""name"":""rect"",""x"":1118,""y"":949,""width"":155,""height"":85}","{""class"":""boot""}"
66.jpg,967513,"{""caption"":"""",""public_domain"":""no"",""image_url"":""""}",8,4,"{""name"":""rect"",""x"":1415,""y"":935,""width"":167,""height"":121}","{""class"":""boot""}"
66.jpg,967513,"{""caption"":"""",""public_domain"":""no"",""image_url"":""""}",8,5,"{""name"":""rect"",""x"":1576,""y"":938,""width"":82,""height"":76}","{""class"":""boot""}"
66.jpg,967513,"{""caption"":"""",""public_domain"":""no"",""image_url"":""""}",8,6,"{""name"":""rect"",""x"":1079,""y"":350,""width"":220,""height"":305}","{""class"":""vest""}"
66.jpg,967513,"{""caption"":"""",""public_domain"":""no"",""image_url"":""""}",8,7,"{""name"":""rect"",""x"":1432,""y"":328,""width"":220,""height"":297}","{""class"":""vest""}"
67.jpg,1059658,"{""caption"":"""",""public_domain"":""no"",""image_url"":""""}",1,0,"{""name"":""rect"",""x"":782,""y"":21,""width"":1118,""height"":1124}","{""class"":""boot""}"
68.jpg,980256,"{""caption"":"""",""public_domain"":""no"",""image_url"":""""}",2,0,"{""name"":""rect"",""x"":1344,""y"":685,""width"":627,""height"":558}","{""class"":""boot""}"
68.jpg,980256,"{""caption"":"""",""public_domain"":""no"",""image_url"":""""}",2,1,"{""name"":""rect"",""x"":65,""y"":503,""width"":1231,""height"":662}","{""class"":""boot""}"
69.jpg,1166686,"{""caption"":"""",""public_domain"":""no"",""image_url"":""""}",5,0,"{""name"":""rect"",""x"":478,""y"":549,""width"":247,""height"":403}","{""class"":""boot""}"
69.jpg,1166686,"{""caption"":"""",""public_domain"":""no"",""image_url"":""""}",5,1,"{""name"":""rect"",""x"":894,""y"":494,""width"":429,""height"":452}","{""class"":""boot""}"
69.jpg,1166686,"{""caption"":"""",""public_domain"":""no"",""image_url"":""""}",5,2,"{""name"":""rect"",""x"":1401,""y"":556,""width"":101,""height"":234}","{""class"":""boot""}"
69.jpg,1166686,"{""caption"":"""",""public_domain"":""no"",""image_url"":""""}",5,3,"{""name"":""rect"",""x"":1362,""y"":42,""width"":150,""height"":374}","{""class"":""vest""}"
69.jpg,1166686,"{""caption"":"""",""public_domain"":""no"",""image_url"":""""}",5,4,"{""name"":""rect"",""x"":1161,""y"":540,""width"":166,""height"":254}","{""class"":""boot""}"
70.jpg,1429239,"{""caption"":"""",""public_domain"":""no"",""image_url"":""""}",6,0,"{""name"":""rect"",""x"":555,""y"":935,""width"":192,""height"":218}","{""class"":""boot""}"
70.jpg,1429239,"{""caption"":"""",""public_domain"":""no"",""image_url"":""""}",6,1,"{""name"":""rect"",""x"":896,""y"":971,""width"":166,""height"":201}","{""class"":""boot""}"
70.jpg,1429239,"{""caption"":"""",""public_domain"":""no"",""image_url"":""""}",6,2,"{""name"":""rect"",""x"":1351,""y"":968,""width"":179,""height"":175}","{""class"":""boot""}"
70.jpg,1429239,"{""caption"":"""",""public_domain"":""no"",""image_url"":""""}",6,3,"{""name"":""rect"",""x"":1555,""y"":1046,""width"":188,""height"":211}","{""class"":""boot""}"
70.jpg,1429239,"{""caption"":"""",""public_domain"":""no"",""image_url"":""""}",6,4,"{""name"":""rect"",""x"":1373,""y"":247,""width"":399,""height"":487}","{""class"":""vest""}"
70.jpg,1429239,"{""caption"":"""",""public_domain"":""no"",""image_url"":""""}",6,5,"{""name"":""rect"",""x"":666,""y"":302,""width"":250,""height"":338}","{""class"":""vest""}"
71.jpg,1134338,"{""caption"":"""",""public_domain"":""no"",""image_url"":""""}",4,0,"{""name"":""rect"",""x"":1007,""y"":11,""width"":372,""height"":319}","{""class"":""hardhat""}"
71.jpg,1134338,"{""caption"":"""",""public_domain"":""no"",""image_url"":""""}",4,1,"{""name"":""rect"",""x"":4,""y"":11,""width"":224,""height"":274}","{""class"":""hardhat""}"
71.jpg,1134338,"{""caption"":"""",""public_domain"":""no"",""image_url"":""""}",4,2,"{""name"":""rect"",""x"":271,""y"":494,""width"":295,""height"":464}","{""class"":""boot""}"
71.jpg,1134338,"{""caption"":"""",""public_domain"":""no"",""image_url"":""""}",4,3,"{""name"":""rect"",""x"":9,""y"":494,""width"":169,""height"":552}","{""class"":""boot""}"
72.jpg,1172818,"{""caption"":"""",""public_domain"":""no"",""image_url"":""""}",4,0,"{""name"":""rect"",""x"":889,""y"":935,""width"":275,""height"":300}","{""class"":""boot""}"
72.jpg,1172818,"{""caption"":"""",""public_domain"":""no"",""image_url"":""""}",4,1,"{""name"":""rect"",""x"":504,""y"":1113,""width"":209,""height"":239}","{""class"":""boot""}"
72.jpg,1172818,"{""caption"":"""",""public_domain"":""no"",""image_url"":""""}",4,2,"{""name"":""rect"",""x"":453,""y"":95,""width"":324,""height"":214}","{""class"":""hardhat""}"
72.jpg,1172818,"{""caption"":"""",""public_domain"":""no"",""image_url"":""""}",4,3,"{""name"":""rect"",""x"":348,""y"":426,""width"":519,""height"":511}","{""class"":""vest""}"
73.jpg,1418579,"{""caption"":"""",""public_domain"":""no"",""image_url"":""""}",11,0,"{""name"":""rect"",""x"":226,""y"":404,""width"":239,""height"":382}","{""class"":""vest""}"
73.jpg,1418579,"{""caption"":"""",""public_domain"":""no"",""image_url"":""""}",11,1,"{""name"":""rect"",""x"":655,""y"":385,""width"":234,""height"":329}","{""class"":""vest""}"
73.jpg,1418579,"{""caption"":"""",""public_domain"":""no"",""image_url"":""""}",11,2,"{""name"":""rect"",""x"":468,""y"":370,""width"":190,""height"":358}","{""class"":""vest""}"
73.jpg,1418579,"{""caption"":"""",""public_domain"":""no"",""image_url"":""""}",11,3,"{""name"":""rect"",""x"":314,""y"":212,""width"":195,""height"":144}","{""class"":""hardhat""}"
73.jpg,1418579,"{""caption"":"""",""public_domain"":""no"",""image_url"":""""}",11,4,"{""name"":""rect"",""x"":519,""y"":212,""width"":149,""height"":146}","{""class"":""hardhat""}"
73.jpg,1418579,"{""caption"":"""",""public_domain"":""no"",""image_url"":""""}",11,5,"{""name"":""rect"",""x"":689,""y"":226,""width"":149,""height"":136}","{""class"":""hardhat""}"
73.jpg,1418579,"{""caption"":"""",""public_domain"":""no"",""image_url"":""""}",11,6,"{""name"":""rect"",""x"":799,""y"":955,""width"":114,""height"":270}","{""class"":""boot""}"
73.jpg,1418579,"{""caption"":"""",""public_domain"":""no"",""image_url"":""""}",11,7,"{""name"":""rect"",""x"":653,""y"":967,""width"":129,""height"":200}","{""class"":""boot""}"
73.jpg,1418579,"{""caption"":"""",""public_domain"":""no"",""image_url"":""""}",11,8,"{""name"":""rect"",""x"":300,""y"":1059,""width"":175,""height"":280}","{""class"":""boot""}"
73.jpg,1418579,"{""caption"":"""",""public_domain"":""no"",""image_url"":""""}",11,9,"{""name"":""rect"",""x"":553,""y"":1101,""width"":170,""height"":144}","{""class"":""boot""}"
73.jpg,1418579,"{""caption"":"""",""public_domain"":""no"",""image_url"":""""}",11,10,"{""name"":""rect"",""x"":482,""y"":1169,""width"":114,""height"":66}","{""class"":""boot""}"
74.jpg,7229,"{""caption"":"""",""public_domain"":""no"",""image_url"":""""}",3,0,"{""name"":""rect"",""x"":58,""y"":8,""width"":110,""height"":59}","{""class"":""hardhat""}"
74.jpg,7229,"{""caption"":"""",""public_domain"":""no"",""image_url"":""""}",3,1,"{""name"":""rect"",""x"":94,""y"":70,""width"":81,""height"":50}","{""class"":""mask""}"
74.jpg,7229,"{""caption"":"""",""public_domain"":""no"",""image_url"":""""}",3,2,"{""name"":""rect"",""x"":33,""y"":110,""width"":151,""height"":42}","{""class"":""vest""}"
75.jpg,11129,"{""caption"":"""",""public_domain"":""no"",""image_url"":""""}",3,0,"{""name"":""rect"",""x"":115,""y"":17,""width"":108,""height"":65}","{""class"":""hardhat""}"
75.jpg,11129,"{""caption"":"""",""public_domain"":""no"",""image_url"":""""}",3,1,"{""name"":""rect"",""x"":84,""y"":88,""width"":98,""height"":39}","{""class"":""mask""}"
75.jpg,11129,"{""caption"":"""",""public_domain"":""no"",""image_url"":""""}",3,2,"{""name"":""rect"",""x"":132,""y"":115,""width"":129,""height"":50}","{""class"":""vest""}"
76.jpg,7211,"{""caption"":"""",""public_domain"":""no"",""image_url"":""""}",2,0,"{""name"":""rect"",""x"":7,""y"":48,""width"":125,""height"":93}","{""class"":""hardhat""}"
76.jpg,7211,"{""caption"":"""",""public_domain"":""no"",""image_url"":""""}",2,1,"{""name"":""rect"",""x"":23,""y"":145,""width"":101,""height"":66}","{""class"":""mask""}"
77.jpg,12556,"{""caption"":"""",""public_domain"":""no"",""image_url"":""""}",7,0,"{""name"":""rect"",""x"":84,""y"":81,""width"":18,""height"":15}","{""class"":""hardhat""}"
77.jpg,12556,"{""caption"":"""",""public_domain"":""no"",""image_url"":""""}",7,1,"{""name"":""rect"",""x"":151,""y"":32,""width"":44,""height"":29}","{""class"":""hardhat""}"
77.jpg,12556,"{""caption"":"""",""public_domain"":""no"",""image_url"":""""}",7,2,"{""name"":""rect"",""x"":157,""y"":65,""width"":33,""height"":22}","{""class"":""mask""}"
77.jpg,12556,"{""caption"":"""",""public_domain"":""no"",""image_url"":""""}",7,3,"{""name"":""rect"",""x"":72,""y"":103,""width"":37,""height"":44}","{""class"":""vest""}"
77.jpg,12556,"{""caption"":"""",""public_domain"":""no"",""image_url"":""""}",7,4,"{""name"":""rect"",""x"":133,""y"":81,""width"":82,""height"":105}","{""class"":""vest""}"
77.jpg,12556,"{""caption"":"""",""public_domain"":""no"",""image_url"":""""}",7,5,"{""name"":""rect"",""x"":66,""y"":176,""width"":14,""height"":16}","{""class"":""boot""}"
77.jpg,12556,"{""caption"":"""",""public_domain"":""no"",""image_url"":""""}",7,6,"{""name"":""rect"",""x"":84,""y"":174,""width"":18,""height"":18}","{""class"":""boot""}"
78.jpg,25327,"{""caption"":"""",""public_domain"":""no"",""image_url"":""""}",3,0,"{""name"":""rect"",""x"":109,""y"":33,""width"":120,""height"":62}","{""class"":""hardhat""}"
78.jpg,25327,"{""caption"":"""",""public_domain"":""no"",""image_url"":""""}",3,1,"{""name"":""rect"",""x"":133,""y"":105,""width"":74,""height"":74}","{""class"":""mask""}"
78.jpg,25327,"{""caption"":"""",""public_domain"":""no"",""image_url"":""""}",3,2,"{""name"":""rect"",""x"":68,""y"":185,""width"":202,""height"":54}","{""class"":""vest""}"
79.jpg,40007,"{""caption"":"""",""public_domain"":""no"",""image_url"":""""}",5,0,"{""name"":""rect"",""x"":101,""y"":19,""width"":77,""height"":42}","{""class"":""hardhat""}"
79.jpg,40007,"{""caption"":"""",""public_domain"":""no"",""image_url"":""""}",5,1,"{""name"":""rect"",""x"":122,""y"":66,""width"":51,""height"":37}","{""class"":""mask""}"
79.jpg,40007,"{""caption"":"""",""public_domain"":""no"",""image_url"":""""}",5,2,"{""name"":""rect"",""x"":260,""y"":105,""width"":49,""height"":34}","{""class"":""hardhat""}"
79.jpg,40007,"{""caption"":"""",""public_domain"":""no"",""image_url"":""""}",5,3,"{""name"":""rect"",""x"":78,""y"":106,""width"":135,""height"":128}","{""class"":""vest""}"
79.jpg,40007,"{""caption"":"""",""public_domain"":""no"",""image_url"":""""}",5,4,"{""name"":""rect"",""x"":237,""y"":158,""width"":62,""height"":79}","{""class"":""vest""}"
80.jpg,49299,"{""caption"":"""",""public_domain"":""no"",""image_url"":""""}",9,0,"{""name"":""rect"",""x"":87,""y"":38,""width"":51,""height"":32}","{""class"":""hardhat""}"
80.jpg,49299,"{""caption"":"""",""public_domain"":""no"",""image_url"":""""}",9,1,"{""name"":""rect"",""x"":153,""y"":39,""width"":40,""height"":34}","{""class"":""hardhat""}"
80.jpg,49299,"{""caption"":"""",""public_domain"":""no"",""image_url"":""""}",9,2,"{""name"":""rect"",""x"":247,""y"":73,""width"":29,""height"":20}","{""class"":""hardhat""}"
80.jpg,49299,"{""caption"":"""",""public_domain"":""no"",""image_url"":""""}",9,3,"{""name"":""rect"",""x"":161,""y"":76,""width"":29,""height"":15}","{""class"":""mask""}"
80.jpg,49299,"{""caption"":"""",""public_domain"":""no"",""image_url"":""""}",9,4,"{""name"":""rect"",""x"":105,""y"":73,""width"":29,""height"":24}","{""class"":""mask""}"
80.jpg,49299,"{""caption"":"""",""public_domain"":""no"",""image_url"":""""}",9,5,"{""name"":""rect"",""x"":253,""y"":95,""width"":22,""height"":16}","{""class"":""mask""}"
80.jpg,49299,"{""caption"":"""",""public_domain"":""no"",""image_url"":""""}",9,6,"{""name"":""rect"",""x"":144,""y"":86,""width"":68,""height"":110}","{""class"":""vest""}"
80.jpg,49299,"{""caption"":"""",""public_domain"":""no"",""image_url"":""""}",9,7,"{""name"":""rect"",""x"":62,""y"":91,""width"":79,""height"":121}","{""class"":""vest""}"
80.jpg,49299,"{""caption"":"""",""public_domain"":""no"",""image_url"":""""}",9,8,"{""name"":""rect"",""x"":237,""y"":110,""width"":52,""height"":13}","{""class"":""vest""}"
81.jpg,46148,"{""caption"":"""",""public_domain"":""no"",""image_url"":""""}",2,0,"{""name"":""rect"",""x"":164,""y"":70,""width"":33,""height"":32}","{""class"":""mask""}"
81.jpg,46148,"{""caption"":"""",""public_domain"":""no"",""image_url"":""""}",2,1,"{""name"":""rect"",""x"":111,""y"":94,""width"":112,""height"":96}","{""class"":""vest""}"
82.jpg,36209,"{""caption"":"""",""public_domain"":""no"",""image_url"":""""}",3,0,"{""name"":""rect"",""x"":175,""y"":33,""width"":81,""height"":44}","{""class"":""hardhat""}"
82.jpg,36209,"{""caption"":"""",""public_domain"":""no"",""image_url"":""""}",3,1,"{""name"":""rect"",""x"":189,""y"":81,""width"":50,""height"":33}","{""class"":""vest""}"
82.jpg,36209,"{""caption"":"""",""public_domain"":""no"",""image_url"":""""}",3,2,"{""name"":""rect"",""x"":220,""y"":105,""width"":129,""height"":132}","{""class"":""vest""}"
83.jpg,11620,"{""caption"":"""",""public_domain"":""no"",""image_url"":""""}",3,0,"{""name"":""rect"",""x"":113,""y"":40,""width"":36,""height"":48}","{""class"":""hardhat""}"
83.jpg,11620,"{""caption"":"""",""public_domain"":""no"",""image_url"":""""}",3,1,"{""name"":""rect"",""x"":152,""y"":122,""width"":30,""height"":36}","{""class"":""boot""}"
83.jpg,11620,"{""caption"":"""",""public_domain"":""no"",""image_url"":""""}",3,2,"{""name"":""rect"",""x"":111,""y"":97,""width"":26,""height"":41}","{""class"":""boot""}"
84.jpg,14499,"{""caption"":"""",""public_domain"":""no"",""image_url"":""""}",2,0,"{""name"":""rect"",""x"":51,""y"":16,""width"":84,""height"":102}","{""class"":""vest""}"
84.jpg,14499,"{""caption"":"""",""public_domain"":""no"",""image_url"":""""}",2,1,"{""name"":""rect"",""x"":24,""y"":163,""width"":53,""height"":98}","{""class"":""boot""}"
85.jpg,13013,"{""caption"":"""",""public_domain"":""no"",""image_url"":""""}",6,0,"{""name"":""rect"",""x"":6,""y"":114,""width"":58,""height"":61}","{""class"":""boot""}"
85.jpg,13013,"{""caption"":"""",""public_domain"":""no"",""image_url"":""""}",6,1,"{""name"":""rect"",""x"":2,""y"":6,""width"":60,""height"":53}","{""class"":""vest""}"
85.jpg,13013,"{""caption"":"""",""public_domain"":""no"",""image_url"":""""}",6,2,"{""name"":""rect"",""x"":157,""y"":13,""width"":19,""height"":28}","{""class"":""boot""}"
85.jpg,13013,"{""caption"":"""",""public_domain"":""no"",""image_url"":""""}",6,3,"{""name"":""rect"",""x"":178,""y"":16,""width"":15,""height"":24}","{""class"":""boot""}"
85.jpg,13013,"{""caption"":"""",""public_domain"":""no"",""image_url"":""""}",6,4,"{""name"":""rect"",""x"":120,""y"":46,""width"":22,""height"":46}","{""class"":""boot""}"
85.jpg,13013,"{""caption"":"""",""public_domain"":""no"",""image_url"":""""}",6,5,"{""name"":""rect"",""x"":100,""y"":59,""width"":20,""height"":34}","{""class"":""boot""}"
86.jpg,8918,"{""caption"":"""",""public_domain"":""no"",""image_url"":""""}",4,0,"{""name"":""rect"",""x"":82,""y"":19,""width"":35,""height"":27}","{""class"":""hardhat""}"
86.jpg,8918,"{""caption"":"""",""public_domain"":""no"",""image_url"":""""}",4,1,"{""name"":""rect"",""x"":34,""y"":58,""width"":111,""height"":79}","{""class"":""vest""}"
86.jpg,8918,"{""caption"":"""",""public_domain"":""no"",""image_url"":""""}",4,2,"{""name"":""rect"",""x"":82,""y"":163,""width"":37,""height"":37}","{""class"":""boot""}"
86.jpg,8918,"{""caption"":"""",""public_domain"":""no"",""image_url"":""""}",4,3,"{""name"":""rect"",""x"":120,""y"":157,""width"":46,""height"":36}","{""class"":""boot""}"
87.jpg,8087,"{""caption"":"""",""public_domain"":""no"",""image_url"":""""}",1,0,"{""name"":""rect"",""x"":38,""y"":31,""width"":192,""height"":106}","{""class"":""boot""}"
88.jpg,9701,"{""caption"":"""",""public_domain"":""no"",""image_url"":""""}",2,0,"{""name"":""rect"",""x"":107,""y"":93,""width"":28,""height"":32}","{""class"":""boot""}"
88.jpg,9701,"{""caption"":"""",""public_domain"":""no"",""image_url"":""""}",2,1,"{""name"":""rect"",""x"":108,""y"":42,""width"":28,""height"":31}","{""class"":""vest""}"
89.jpg,14361,"{""caption"":"""",""public_domain"":""no"",""image_url"":""""}",11,0,"{""name"":""rect"",""x"":41,""y"":11,""width"":27,""height"":22}","{""class"":""hardhat""}"
89.jpg,14361,"{""caption"":"""",""public_domain"":""no"",""image_url"":""""}",11,1,"{""name"":""rect"",""x"":70,""y"":20,""width"":24,""height"":20}","{""class"":""hardhat""}"
89.jpg,14361,"{""caption"":"""",""public_domain"":""no"",""image_url"":""""}",11,2,"{""name"":""rect"",""x"":102,""y"":34,""width"":18,""height"":18}","{""class"":""hardhat""}"
89.jpg,14361,"{""caption"":"""",""public_domain"":""no"",""image_url"":""""}",11,3,"{""name"":""rect"",""x"":124,""y"":27,""width"":21,""height"":17}","{""class"":""hardhat""}"
89.jpg,14361,"{""caption"":"""",""public_domain"":""no"",""image_url"":""""}",11,4,"{""name"":""rect"",""x"":150,""y"":137,""width"":20,""height"":28}","{""class"":""boot""}"
89.jpg,14361,"{""caption"":"""",""public_domain"":""no"",""image_url"":""""}",11,5,"{""name"":""rect"",""x"":130,""y"":135,""width"":20,""height"":15}","{""class"":""boot""}"
89.jpg,14361,"{""caption"":"""",""public_domain"":""no"",""image_url"":""""}",11,6,"{""name"":""rect"",""x"":110,""y"":135,""width"":9,""height"":20}","{""class"":""boot""}"
89.jpg,14361,"{""caption"":"""",""public_domain"":""no"",""image_url"":""""}",11,7,"{""name"":""rect"",""x"":92,""y"":133,""width"":18,""height"":18}","{""class"":""boot""}"
89.jpg,14361,"{""caption"":"""",""public_domain"":""no"",""image_url"":""""}",11,8,"{""name"":""rect"",""x"":78,""y"":145,""width"":24,""height"":14}","{""class"":""boot""}"
89.jpg,14361,"{""caption"":"""",""public_domain"":""no"",""image_url"":""""}",11,9,"{""name"":""rect"",""x"":61,""y"":145,""width"":16,""height"":20}","{""class"":""boot""}"
89.jpg,14361,"{""caption"":"""",""public_domain"":""no"",""image_url"":""""}",11,10,"{""name"":""rect"",""x"":44,""y"":162,""width"":36,""height"":20}","{""class"":""boot""}"
90.jpg,7095,"{""caption"":"""",""public_domain"":""no"",""image_url"":""""}",4,0,"{""name"":""rect"",""x"":210,""y"":110,""width"":24,""height"":51}","{""class"":""boot""}"
90.jpg,7095,"{""caption"":"""",""public_domain"":""no"",""image_url"":""""}",4,1,"{""name"":""rect"",""x"":159,""y"":126,""width"":39,""height"":32}","{""class"":""boot""}"
90.jpg,7095,"{""caption"":"""",""public_domain"":""no"",""image_url"":""""}",4,2,"{""name"":""rect"",""x"":155,""y"":15,""width"":39,""height"":28}","{""class"":""hardhat""}"
90.jpg,7095,"{""caption"":"""",""public_domain"":""no"",""image_url"":""""}",4,3,"{""name"":""rect"",""x"":147,""y"":54,""width"":81,""height"":51}","{""class"":""vest""}"
91.jpg,12049,"{""caption"":"""",""public_domain"":""no"",""image_url"":""""}",4,0,"{""name"":""rect"",""x"":56,""y"":2,""width"":65,""height"":60}","{""class"":""hardhat""}"
91.jpg,12049,"{""caption"":"""",""public_domain"":""no"",""image_url"":""""}",4,1,"{""name"":""rect"",""x"":114,""y"":236,""width"":31,""height"":36}","{""class"":""boot""}"
91.jpg,12049,"{""caption"":"""",""public_domain"":""no"",""image_url"":""""}",4,2,"{""name"":""rect"",""x"":54,""y"":234,""width"":64,""height"":31}","{""class"":""boot""}"
91.jpg,12049,"{""caption"":"""",""public_domain"":""no"",""image_url"":""""}",4,3,"{""name"":""rect"",""x"":76,""y"":32,""width"":74,""height"":78}","{""class"":""vest""}"
92.jpg,7175,"{""caption"":"""",""public_domain"":""no"",""image_url"":""""}",4,0,"{""name"":""rect"",""x"":94,""y"":13,""width"":29,""height"":22}","{""class"":""hardhat""}"
92.jpg,7175,"{""caption"":"""",""public_domain"":""no"",""image_url"":""""}",4,1,"{""name"":""rect"",""x"":99,""y"":168,""width"":22,""height"":22}","{""class"":""boot""}"
92.jpg,7175,"{""caption"":"""",""public_domain"":""no"",""image_url"":""""}",4,2,"{""name"":""rect"",""x"":77,""y"":44,""width"":60,""height"":50}","{""class"":""vest""}"
92.jpg,7175,"{""caption"":"""",""public_domain"":""no"",""image_url"":""""}",4,3,"{""name"":""rect"",""x"":86,""y"":178,""width"":18,""height"":16}","{""class"":""boot""}"
93.jpg,10899,"{""caption"":"""",""public_domain"":""no"",""image_url"":""""}",2,0,"{""name"":""rect"",""x"":26,""y"":65,""width"":70,""height"":71}","{""class"":""vest""}"
93.jpg,10899,"{""caption"":"""",""public_domain"":""no"",""image_url"":""""}",2,1,"{""name"":""rect"",""x"":109,""y"":131,""width"":58,""height"":50}","{""class"":""boot""}"
94.jpg,14382,"{""caption"":"""",""public_domain"":""no"",""image_url"":""""}",2,0,"{""name"":""rect"",""x"":110,""y"":21,""width"":52,""height"":74}","{""class"":""boot""}"
94.jpg,14382,"{""caption"":"""",""public_domain"":""no"",""image_url"":""""}",2,1,"{""name"":""rect"",""x"":187,""y"":11,""width"":64,""height"":74}","{""class"":""boot""}"
95.jpg,447303,"{""caption"":"""",""public_domain"":""no"",""image_url"":""""}",2,0,"{""name"":""rect"",""x"":296,""y"":403,""width"":181,""height"":180}","{""class"":""boot""}"
95.jpg,447303,"{""caption"":"""",""public_domain"":""no"",""image_url"":""""}",2,1,"{""name"":""rect"",""x"":10,""y"":-2,""width"":297,""height"":232}","{""class"":""vest""}"
96.jpg,12978,"{""caption"":"""",""public_domain"":""no"",""image_url"":""""}",7,0,"{""name"":""rect"",""x"":133,""y"":93,""width"":34,""height"":22}","{""class"":""hardhat""}"
96.jpg,12978,"{""caption"":"""",""public_domain"":""no"",""image_url"":""""}",7,1,"{""name"":""rect"",""x"":6,""y"":26,""width"":28,""height"":25}","{""class"":""hardhat""}"
96.jpg,12978,"{""caption"":"""",""public_domain"":""no"",""image_url"":""""}",7,2,"{""name"":""rect"",""x"":30,""y"":50,""width"":23,""height"":19}","{""class"":""hardhat""}"
96.jpg,12978,"{""caption"":"""",""public_domain"":""no"",""image_url"":""""}",7,3,"{""name"":""rect"",""x"":40,""y"":157,""width"":34,""height"":19}","{""class"":""boot""}"
96.jpg,12978,"{""caption"":"""",""public_domain"":""no"",""image_url"":""""}",7,4,"{""name"":""rect"",""x"":1,""y"":203,""width"":26,""height"":16}","{""class"":""boot""}"
96.jpg,12978,"{""caption"":"""",""public_domain"":""no"",""image_url"":""""}",7,5,"{""name"":""rect"",""x"":108,""y"":128,""width"":66,""height"":90}","{""class"":""vest""}"
96.jpg,12978,"{""caption"":"""",""public_domain"":""no"",""image_url"":""""}",7,6,"{""name"":""rect"",""x"":1,""y"":54,""width"":41,""height"":62}","{""class"":""vest""}"
97.jpg,12163,"{""caption"":"""",""public_domain"":""no"",""image_url"":""""}",3,0,"{""name"":""rect"",""x"":191,""y"":70,""width"":60,""height"":56}","{""class"":""boot""}"
97.jpg,12163,"{""caption"":"""",""public_domain"":""no"",""image_url"":""""}",3,1,"{""name"":""rect"",""x"":79,""y"":76,""width"":23,""height"":36}","{""class"":""boot""}"
97.jpg,12163,"{""caption"":"""",""public_domain"":""no"",""image_url"":""""}",3,2,"{""name"":""rect"",""x"":106,""y"":77,""width"":23,""height"":36}","{""class"":""boot""}"
98.jpg,12025,"{""caption"":"""",""public_domain"":""no"",""image_url"":""""}",2,0,"{""name"":""rect"",""x"":177,""y"":109,""width"":50,""height"":53}","{""class"":""boot""}"
98.jpg,12025,"{""caption"":"""",""public_domain"":""no"",""image_url"":""""}",2,1,"{""name"":""rect"",""x"":85,""y"":75,""width"":72,""height"":43}","{""class"":""boot""}"
99.jpg,11967,"{""caption"":"""",""public_domain"":""no"",""image_url"":""""}",3,0,"{""name"":""rect"",""x"":143,""y"":25,""width"":32,""height"":20}","{""class"":""mask""}"
99.jpg,11967,"{""caption"":"""",""public_domain"":""no"",""image_url"":""""}",3,1,"{""name"":""rect"",""x"":133,""y"":2,""width"":40,""height"":23}","{""class"":""hardhat""}"
99.jpg,11967,"{""caption"":"""",""public_domain"":""no"",""image_url"":""""}",3,2,"{""name"":""rect"",""x"":135,""y"":36,""width"":56,""height"":58}","{""class"":""vest""}"
100.jpg,8680,"{""caption"":"""",""public_domain"":""no"",""image_url"":""""}",3,0,"{""name"":""rect"",""x"":112,""y"":10,""width"":82,""height"":49}","{""class"":""hardhat""}"
100.jpg,8680,"{""caption"":"""",""public_domain"":""no"",""image_url"":""""}",3,1,"{""name"":""rect"",""x"":129,""y"":61,""width"":54,""height"":43}","{""class"":""mask""}"
100.jpg,8680,"{""caption"":"""",""public_domain"":""no"",""image_url"":""""}",3,2,"{""name"":""rect"",""x"":81,""y"":98,""width"":144,""height"":78}","{""class"":""vest""}"
101.jpg,10696,"{""caption"":"""",""public_domain"":""no"",""image_url"":""""}",5,0,"{""name"":""rect"",""x"":58,""y"":10,""width"":40,""height"":30}","{""class"":""hardhat""}"
101.jpg,10696,"{""caption"":"""",""public_domain"":""no"",""image_url"":""""}",5,1,"{""name"":""rect"",""x"":62,""y"":41,""width"":33,""height"":19}","{""class"":""mask""}"
101.jpg,10696,"{""caption"":"""",""public_domain"":""no"",""image_url"":""""}",5,2,"{""name"":""rect"",""x"":118,""y"":102,""width"":49,""height"":54}","{""class"":""hardhat""}"
101.jpg,10696,"{""caption"":"""",""public_domain"":""no"",""image_url"":""""}",5,3,"{""name"":""rect"",""x"":166,""y"":91,""width"":72,""height"":71}","{""class"":""vest""}"
101.jpg,10696,"{""caption"":"""",""public_domain"":""no"",""image_url"":""""}",5,4,"{""name"":""rect"",""x"":44,""y"":56,""width"":50,""height"":60}","{""class"":""vest""}"
102.jpg,7234,"{""caption"":"""",""public_domain"":""no"",""image_url"":""""}",3,0,"{""name"":""rect"",""x"":134,""y"":9,""width"":124,""height"":64}","{""class"":""hardhat""}"
102.jpg,7234,"{""caption"":"""",""public_domain"":""no"",""image_url"":""""}",3,1,"{""name"":""rect"",""x"":150,""y"":86,""width"":85,""height"":41}","{""class"":""mask""}"
102.jpg,7234,"{""caption"":"""",""public_domain"":""no"",""image_url"":""""}",3,2,"{""name"":""rect"",""x"":174,""y"":112,""width"":80,""height"":52}","{""class"":""vest""}"
103.jpg,7616,"{""caption"":"""",""public_domain"":""no"",""image_url"":""""}",1,0,"{""name"":""rect"",""x"":82,""y"":26,""width"":64,""height"":81}","{""class"":""hardhat""}"
104.jpg,10202,"{""caption"":"""",""public_domain"":""no"",""image_url"":""""}",3,0,"{""name"":""rect"",""x"":82,""y"":16,""width"":62,""height"":45}","{""class"":""hardhat""}"
104.jpg,10202,"{""caption"":"""",""public_domain"":""no"",""image_url"":""""}",3,1,"{""name"":""rect"",""x"":100,""y"":58,""width"":28,""height"":19}","{""class"":""mask""}"
104.jpg,10202,"{""caption"":"""",""public_domain"":""no"",""image_url"":""""}",3,2,"{""name"":""rect"",""x"":50,""y"":58,""width"":83,""height"":108}","{""class"":""vest""}"
105.jpg,11938,"{""caption"":"""",""public_domain"":""no"",""image_url"":""""}",3,0,"{""name"":""rect"",""x"":102,""y"":5,""width"":60,""height"":40}","{""class"":""hardhat""}"
105.jpg,11938,"{""caption"":"""",""public_domain"":""no"",""image_url"":""""}",3,1,"{""name"":""rect"",""x"":139,""y"":60,""width"":91,""height"":118}","{""class"":""vest""}"
105.jpg,11938,"{""caption"":"""",""public_domain"":""no"",""image_url"":""""}",3,2,"{""name"":""rect"",""x"":111,""y"":47,""width"":30,""height"":26}","{""class"":""mask""}"